"pathway","pval","padj","log2err","ES","NES","size","leadingEdge"
"HALLMARK_E2F_TARGETS",4.44245303181958e-10,7.40408838636596e-09,0.814035837847908,0.548783074664432,1.89691448477737,200,"CDKN2A;CCNE1;CDC20;AURKB;MYBL2;KIF2C;DEPDC1;MELK;CDC25A;CDCA8;ORC6;CDCA3;PLK1;KIF18B;BIRC5;CCNB2;TRIP13;RAD51AP1;CHEK1;ANP32E;DSCC1;DLGAP5;STMN1;HMGA1;PTTG1;DIAPH3;MKI67;E2F8;CTPS1;KIF4A;NCAPD2;LBR;EZH2;CDC25B;CENPE;AURKA;TCF19;DEK;GINS4;BUB1B;CKS1B;UBE2T;SPC24;UBE2S;MCM4;RRM2;MCM2;CDK1;MCM7;MAD2L1;GINS1;KPNA2;HMMR;RNASEH2A;MMS22L;DONSON;CKS2;CDKN2C;USP1;TOP2A;TK1;ESPL1;MCM5;MCM6;CDKN3;CHEK2;TACC3;ATAD2;SPAG5;NASP;PRDX4;LMNB1;SMC4;CENPM;ASF1B;PLK4;PRIM2;JPT1;MCM3;PSIP1;MSH2;RANBP1;BRCA2;MYC;DDX39A;LYAR;HELLS;TUBB;GINS3;SPC25;POLD1;MTHFD2;CIT;HMGB2;RACGAP1;PRKDC;NUP205;H2AX;HMGB3;RFC3;H2AZ1;TFRC;SSRP1;TMPO;RFC2;DCLRE1B"
"HALLMARK_G2M_CHECKPOINT",4.8090744183575e-08,6.01134302294688e-07,0.719512826338911,0.518351461431248,1.79172507460383,200,"SLC7A5;CDC20;CENPA;AURKB;TTK;MYBL2;KIF2C;E2F2;CDC25A;NDC80;ORC6;PLK1;EXO1;UBE2C;RAD54L;EFNA5;TPX2;BIRC5;CCNB2;PTTG3P;BUB1;CDC45;CCNA2;CHEK1;STMN1;HMGA1;PTTG1;ODC1;STIL;CENPF;MKI67;KIF15;POLQ;KIF4A;CDC7;LBR;EZH2;CDC25B;TROAP;CENPE;KIF23;AURKA;E2F1;CKS1B;DMD;E2F3;UBE2S;AMD1;MCM2;CDK1;MAD2L1;PBK;KPNA2;FBXO5;HMMR;CDC6;NEK2;CKS2;KNL1;KIF11;CDKN2C;TOP2A;ESPL1;MCM5;DBF4;MCM6;CDKN3;RBL1;TACC3;INCENP;NASP;PRC1;LMNB1;TFDP1;SMC4;PLK4;UCK2;PRIM2;JPT1;MCM3;BRCA2;MYC;DDX39A;DKC1;SLC7A1;SAP30;MEIS2;RACGAP1;H2AX;HMGB3;CHAF1A;H2AZ1;TENT4A;TMPO;SUV39H1;KIF20B;SNRPD1;KATNA1;TRAIP;SYNCRIP"
"HALLMARK_MYC_TARGETS_V1",0.00562866529530331,0.0281433264765165,0.407017918923954,0.405359328273403,1.40115833895137,200,"CDC20;CDC45;CCNA2;ODC1;CTPS1;DEK;MCM4;RFC4;IFRD1;TYMS;MCM2;MCM7;MAD2L1;KPNA2;SRPK1;USP1;MCM5;MCM6;PRDX4;TFDP1;FBL;HDAC2;RANBP1;MYC;ILF2;SNRPA1;HDGF;PABPC1;PSMB2;NOP16;LSM2;SF3B3;SRM;KARS1;H2AZ1;CCT5;SNRPG;SERBP1;CAD;UBA2;PCNA;TCP1;XPOT;SNRPD1;PABPC4;SYNCRIP;MRPL9;PSMD7;EIF3B;HSPD1;YWHAQ;DDX21;SNRPA;CYC1;HPRT1;CCT4;PPM1G;PGK1;PRPS2;HSPE1;PHB2;PSMA7;HDDC2;EPRS1;EIF2S2;SSBP1;RPS10;CCT3;COX5A;CDK2;ABCE1;DDX18;PSMD14;LSM7;RRP9;RAN;PSMC4;CDK4;HSP90AB1;VDAC3;NME1;LDHA;STARD7;NOLC1;NOP56;SSB;CUL1;IARS1;C1QBP;POLD2;XPO1;SNRPD2;PSMA4;AIMP2;ACP1;TXNL4A;CCT7;RPS6;VBP1;SMARCC1;XRCC6;PPIA;HNRNPD;PSMD8;SRSF2;RRM1;POLE3;RPS3;PSMA1;SRSF3;SNRPD3;TRA2B;CBX3;CLNS1A;SNRPB2;PA2G4;EEF1B2;SET;HNRNPA3;GNL3;EIF3D;PSMB3;SRSF7;NCBP1;NCBP2;CNBP;RNPS1;NPM1;YWHAE;COPS5;SRSF1;UBE2L3;EIF4A1;PWP1;PSMD1"
"HALLMARK_INTERFERON_GAMMA_RESPONSE",0.00991748494739767,0.0381441728746064,0.380730400722792,0.401204140725878,1.38723078130476,199,"IDO1;CCL7;PTGS2;PLA2G4A;CXCL10;PFKP;CD38;CXCL11;TMT1B;GBP6;BATF2;RTP4;IRF4;TAP1;WARS1;PIM1;ICAM1;ZBP1;UPP1;CXCL9;RIPK2;PELI1;SLAMF7;SOCS1;LY6E;CCL5;IFI44;IFIH1;TNFAIP2;IL15RA;VCAM1;NUP93;GBP4;PSMB9;CD274;CMPK2;OASL;MX2;IFNAR2;PLSCR1;SECTM1;CSF2RB;RSAD2;NLRC5;PDE4B;PSMB2;PNP;NMI;ITGB7;MTHFD2;HLA-G;IFI44L;IFIT2;PTPN2;XCL1;MX1;GPR18;CD40;BANK1;HLA-A;IL7;PNPT1;IL18BP;IL15;FAS;EPSTI1;PML;CCL2;HIF1A;USP18;ISG20;NAMPT;APOL6;HLA-B;CIITA;IFI30;KLRK1;C1S;TNFAIP3;STAT1;CASP1;GZMA;CD86;IL2RB;PARP12;HLA-DQA1;LYSMD2;IFIT3;C1R;PSMB8;SAMD9L;IRF1;GCH1;XAF1;FCGR1A"
"HALLMARK_IL6_JAK_STAT3_SIGNALING",0.0444191343963554,0.130644512930457,0.227987202850442,0.427326859807643,1.37038235258788,87,"REG1A;CXCL1;CCL7;IL1R2;CXCL10;CXCL3;IL2RA;CSF2;CD38;CXCL11;TNF;TNFRSF21;INHBE;PIM1;CXCL9;PF4;SOCS1;DNTT;IL15RA;CNTFR;IL2RG;CSF2RB;IL12RB1;CCR1;PTPN2;TLR2;IL18R1;BAK1;CD14;LTB;LTBR;IL7;FAS;A2M"
"HALLMARK_MYC_TARGETS_V2",0.0526932084309134,0.138666337976088,0.211400189384923,0.451480848018022,1.36564081606945,58,"PLK1;MCM4;MCM5;NDUFAF4;BYSL;PLK4;MYC;NOP2;NIP7;NOP16;SRM;WDR43;TCOF1;DUSP2;HSPD1;TBRG4;PUS1;SLC19A1;MYBBP1A;HSPE1;SUPV3L1;MRTO4;UNG;WDR74;RCL1;MPHOSPH10;PES1;EXOSC5;DDX18;RRP9;CDK4;PPRC1;NOLC1;NOP56;UTP20;AIMP2;SLC29A2;MAP3K6;IMP4;PPAN;TFB2M;CBX3;PA2G4;PRMT3;RRP12;GNL3;TMEM97;FARSA"
"HALLMARK_SPERMATOGENESIS",0.0508108108108108,0.138666337976088,0.206587922696891,0.390850018444179,1.30279675720807,130,"ART3;DMRT1;IL12RB2;NAA11;TCP11;ADAD1;CCNA1;PCSK1N;MTNR1A;POMC;TTK;KIF2C;CRISP2;ADCYAP1;ACRV1;CCNB2;BUB1;LPIN1;SNAP91;NCAPH;CNIH2;EZH2;AURKA;TKTL1;DCC;CFTR;RFC4;CDK1;GAPDHS;ELOVL3;SLC2A5;SCG3;NEK2;PSMG1;HSPA4L;DBF4;CDKN3;DDX4;RPL39L;TULP2;NOS1;LDHC;TNP2;NEFH;HTR5A"
"HALLMARK_ALLOGRAFT_REJECTION",0.0339506172839506,0.106095679012346,0.248911114434702,0.374013658222678,1.29280941512453,200,"CDKN2A;CCL7;IFNG;GZMB;EGFR;IL2RA;HLA-DOB;CCL13;IL12A;TNF;TAP2;IL27RA;IRF4;TAP1;WARS1;LYN;ICAM1;NCR1;CXCL9;RIPK2;PF4;LIF;TLR6;SOCS1;PRF1;BCAT1;CCL5;LY75;CD79A;CD7;FASLG;CD8B;KLRD1;ACHE;IFNAR2;IL2RG;IL12RB1;IL18RAP;CCR1;TLR1;PRKCG;HLA-G;ICOSLG;CD80;TLR2;IL13;NCK1;LTB;CTSS;CCL4;CD40;HLA-A;IL7;IL15;RPS19;LCK;AARS1;FAS;ELF4;FLNA;MAP4K1;MMP9;C2;EIF5A;CCL2;HIF1A;RPL3L;NOS2;MBL2;CD247;IL1B;CD2;ITK;CD47;CCR5;TRAT1;CD3G;SRGN;CD3D;SIT1;CD3E;CD96;STAT1;ABI1;GZMA;CD86;ZAP70;DYRK3;FYB1;IL2RB;CXCR3;HLA-DQA1;ITGB2;UBE2D1;CSK;IL11;MTIF2;ABCE1;CD8A;MRPL3;CCR2;GLMN;TGFB2;HDAC9;ETS1;NCF4;IL10;RPL39;CCND3;NME1;IL18;PTPRC;CXCL13;GCNT1;WAS;CD40LG;IFNGR1;TAPBP;STAT4;PRKCB;IL12B"
"HALLMARK_INTERFERON_ALPHA_RESPONSE",0.159420289855072,0.332125603864734,0.111918316325105,0.369057698235641,1.19947341522058,97,"LAMP3;CXCL10;CXCL11;NCOA7;BATF2;RTP4;TAP1;WARS1;RIPK2;LY6E;IFI44;IFIH1;GBP4;PSMB9;CMPK2;OASL;PLSCR1;RSAD2;NMI;IFI44L;IFIT2;MX1;GMPR;IL7;PNPT1;IL15;EPSTI1;USP18;ISG20;IFI30;C1S;TENT5A;CD47;SELL;CASP1;PARP12;IFIT3;PSMB8;SAMD9L;IRF1"
"HALLMARK_INFLAMMATORY_RESPONSE",0.151079136690647,0.332125603864734,0.110122263835536,0.338203374614202,1.16939503853855,199,"OPRK1;ROS1;CCL7;CXCL6;CCL20;MARCO;PROK2;LAMP3;CXCL10;CXCL8;IL1A;CHST2;CCL24;CXCL11;ADM;ADORA2B;ITGB8;AQP9;MET;RTP4;PVR;LYN;CD70;ICAM1;CX3CL1;CXCL9;RIPK2;SPHK1;LIF;TNFRSF9;LY6E;TACR1;MEP1A;CCL5;IL15RA;KCNJ2;CXCR6;TNFSF9;MYC;TNFSF15;PLAUR;NMUR1;IL18RAP;EDN1;TLR1;PDE4B;NMI;SLC7A1;CD82;ICOSLG;TLR2;GNA15;IL18R1;FZD5;MEFV;LTA;CD14;CCL17;CD40;SLAMF1;DCBLD2;IL15;LCK;HAS2;ADGRE1;CCL2;HIF1A;KIF1B;KCNMB2;KCNA3;NAMPT"
"HALLMARK_KRAS_SIGNALING_DN",0.157245632065776,0.332125603864734,0.107554375265169,0.337542452158991,1.16710978801181,199,"TEX15;SLC6A14;KLK7;SOX10;KLK8;NPY4R;TLX1;KRT4;LGALS7;PKP1;CLDN16;CALCB;EDAR;SERPINB2;KRT5;CCNA1;SLC38A3;SMPX;CPA2;TGM1;CALML5;CYP39A1;TFCP2L1;IFNG;CHST2;PTGFR;GPR19;ATP4A;IRS4;RYR1;PAX3;KCNQ2;TFF2;TCF7L1;AKR1B10;MYH7;GRID2;COL2A1;NUDT11;SLC30A3;AMBN;GPR3;UPK3B;KLHDC8A;PLAG1;CDH16;DCC;KCNN1"
"HALLMARK_MITOTIC_SPINDLE",0.327835051546392,0.6304520222046,0.0668966276500666,0.309962918610943,1.06999496559614,198,"TTK;PIF1;KIF2C;NDC80;ANLN;FSCN1;MID1;PLK1;TPX2;BIRC5;CCNB2;BUB1;DLGAP5;CENPF;KIF15;KIF4A;CENPE;KIF23;AURKA;TUBA4A;CCDC88A;CDK1;CDC42EP1;FBXO5;NEK2;KIF11;TOP2A;ESPL1;NCK2;INCENP;PRC1;LMNB1;SMC4;STK38L;WASF1;BRCA2;RACGAP1;PLEKHG2;ECT2;NCK1;CEP72;KIF3C;KIF20B;KATNA1;EPB41L2;TUBGCP3;SORBS2;FLNA;BIN1;KIF1B;SASS6;CDC42EP4;CLIP2;KNTC1;SOS1;ACTN4;MYO1E;SUN2;RASAL2;CKAP5;ABI1;ARHGEF2;RASA2;CEP57;GEMIN4;CEP131;CEP192;ARHGAP27;PCNT"
"HALLMARK_WNT_BETA_CATENIN_SIGNALING",0.438964241676942,0.812896743846189,0.0614364107201271,0.353966575019313,1.02301887543177,42,"WNT6;DKK1;SKP2;NOTCH1;WNT5B;HEY2;PTCH1;HDAC2;MYC;GNAI1"
"HALLMARK_MTORC1_SIGNALING",0.547325102880658,0.977366255144033,0.042845050912155,0.284112045637482,0.982056990367302,200,"PSAT1;PHGDH;SLC7A5;CDC25A;PLK1;BUB1;POLR3G;CTSC;SRD5A1;MLLT11;PDK1;AURKA;TUBA4A;WARS1;MCM4;ENO1;IFRD1;RRM2;MCM2;SLC2A1;VLDLR;PSMG1;NFIL3;BCAT1;PSPH;GAPDH;DHCR7;FADS2;DAPP1;PGM1;DDIT4;SLC7A11;DDX39A;TPI1;PLOD2;TOMM40;ME1;PNP;TES;MTHFD2;STARD4;NUP205;CCT6A;GPI;SERPINH1;GMPS;TFRC;EBP;SHMT2;FADS1;CALR;CACYBP;HSPD1;CXCR4;MAP2K3;SQLE;HPRT1;NFKBIB;NAMPT;UCHL5;IFI30;AK4;ERO1A;PGK1;ASNS;HSPE1;HMBS;UNG;EPRS1;EIF2S2;RPN1;ACTR3;TXNRD1;PNO1;CCNF;STIP1;HSP90B1;PDAP1;ABCF2;ITGB2;PITPNB;PSMD14;RRP9;ARPC5L;PSMC4;CORO1A;IDI1;PPA1;LGMN;PRDX1;LDHA;SLC1A5;NFYC"
"HALLMARK_HYPOXIA",0.688659793814433,1,0.0322153154599285,0.266368193815299,0.919505557808507,198,"NCAN;LALBA;PKP1;PPARGC1A;NDRG1;CHST2;EGFR;PFKP;ADM;CSRP2;ADORA2B;TMEM45A;CP;GCNT2;CHST3;RRAGD;BCAN;PRKCA;PDK1;HOXB9;TKTL1;PIM1;ENO1;ANGPTL4;GAPDHS;SLC2A5;SLC2A1;VLDLR;PLIN2;NFIL3;GAPDH;TGFBI;EDN2;S100A4;PGM1;DDIT4;LDHC;TPI1;PLAUR;PHKG1;SCARB1;VEGFA;ALDOC;DPYSL4;TES;SAP30;PLAC8;EFNA3;GPI;HS3ST1;PPFIA4"
"HALLMARK_GLYCOLYSIS",0.727646454265159,1,0.0293519190331994,0.258785246497728,0.8947935059685,199,"LCT;CHST4;DSC2;CLDN9;CENPA;B3GNT3;CHST2;EGFR;DEPDC1;CHST6;TGFA;PFKP;GPR87;B3GAT1;ADORA2B;STMN1;MET;KIF20A;RRAGD;PLOD1;AURKA;TKTL1;ENO1;ANGPTL4;CDK1;GAPDHS;SOX9;VLDLR;HMMR;LHX9;NDST3;MIOX;NASP;TGFBI;ME2;DDIT4;LDHC;TPI1;PLOD2;VEGFA;ME1;DPYSL4;SLC16A3;SAP30;EFNA3;PPFIA4;SLC25A13;GAL3ST1;UGP2;EXT1"
"HALLMARK_TNFA_SIGNALING_VIA_NFKB",0.744090441932169,1,0.0282219183873982,0.254977667802764,0.881628162364774,199,"CXCL1;PTX3;PTGS2;SERPINB2;CXCL6;CCL20;BCL2A1;FOSL1;CXCL10;IL1A;CXCL3;CSF2;BMP2;CXCL11;BTG3;TNF;CEBPB;LAMB3;SLC2A6;TAP1;ICAM1;RIPK2;SPHK1;LIF;TNFRSF9;NFIL3;RCAN1;CCL5;IFIH1;TNFAIP2;IL15RA;TNFSF9;MYC;FUT4;KYNU;PLAUR;VEGFA;EDN1;IL23A;NFKBIE;BIRC3;PDE4B;RELB;ICOSLG;CD80;CD83;IFIT2;TLR2;CXCL2;DUSP2;CCL4;PHLDA2;PNRC1;MAP2K3;SERPINB8;CCL2;YRDC;NAMPT;B4GALT5;IL1B;RNF19B;PHLDA1;SAT1;IL7R;TRAF1;NFKB2;TNFAIP3;PLEK;TNC"
"HALLMARK_KRAS_SIGNALING_UP",0.776748971193416,1,0.0260437699289678,0.250463243628724,0.865747098767879,200,"SLPI;PTGS2;CCL20;KCNN4;USH1C;CXCL10;TMEM158;NR1H4;PCP4;GABRA3;PCSK1N;PPBP;CSF2;BMP2;TNNT2;ADAMDEC1;MALL;FGF9;SNAP91;HOXD11;IL1RL2;HKDC1;GPRC5B;MPZL2;ANGPTL4;WNT7A;SCG3;ETV4;SOX9;TMEM100;LIF;H2BC3;ETV5;ALDH1A3;MYCN;RETN;BTBD3;EPHB2;BTC;PLAUR;IL2RG;PDCD1LG2;NGF;BIRC3;GALNT3;TRIB2;GUCY1A1;TLR8;CTSS;DCBLD2;IGFBP3;CXCR4;MAP4K1;MMP9;ADAM17;SPP1;SATB1;YRDC;PEG3;ZNF639;ANKH;IL1B;LCP1;ERO1A;CSF2RA;ST6GAL1;IL7R;TRAF1;SPRY2;TNFAIP3"
"HALLMARK_COMPLEMENT",0.891058581706064,1,0.0179363489740654,0.23046914927492,0.796885838308769,199,"PRSS3;CXCL1;MMP12;SERPINB2;CTSV;PLA2G4A;S100A9;L3MBTL4;GZMB;MT3;CASP5;KLK1;CP;CR2;CEBPB;ADRA2B;PCSK9;CTSC;S100A12;LYN;PIM1;PLA2G7;SCG3;DGKG;PLG;CCL5;KCNIP3;HPCAL4;SPOCK2;F5;PSMB9;PLSCR1;KYNU;PLAUR;GNB4;C9;ME1"
"HALLMARK_APICAL_JUNCTION",0.939362795477903,1,0.0140757415299283,0.218962484740598,0.757099610770638,199,"CLDN6;COL9A1;ACTG2;DSC3;NRTN;CALB2;CDH3;ICAM5;CLDN9;EGFR;FSCN1;SLC30A3;CDH4;LAMB3;MPZL2;SPEG;LAMC2;ICAM1;CX3CL1;NFASC;RSU1;MSN;SIRPA;CLDN14;VCAM1;TGFBI;ITGB4;CD274;NECTIN1;GNAI1;CD209;DSC1;ITGA9;CDK8;MVD;AKT3"
"HALLMARK_UNFOLDED_PROTEIN_RESPONSE",0.952902519167579,1,0.0177038118052295,0.215166883805929,0.706079272037734,113,"PSAT1;SLC7A5;CHAC1;CEBPB;CKS1B;EIF4EBP1;PDIA6;DDIT4;DKC1;VEGFA;NABP1;MTHFD2;CEBPG;H2AX;XPOT;CALR;PDIA5;EXOSC4;NFYA;HYOU1;CCL2;TARS1;YWHAZ;ERO1A;ASNS;POP4;ATF4;HSP90B1;GEMIN4;EXOSC5;RRP9;TATDN2;LSM4;KHSRP;DDX10;KDELR3;NOLC1;NOP56;SRPRB;IARS1;TUBB2A;SSR1;EIF4G1"
"HALLMARK_UV_RESPONSE_UP",0.977871443624868,1,0.0127958872528513,0.203192174959811,0.690627355586894,157,"GAL;NKX2-5;CCNE1;CTSV;CCK;LHX2;CHRNA5;BMP2;BTG3;GGH;COL2A1;NPTX2;TUBA4A;TAP1;LYN;AMD1;RFC4;GLS;AGO2;ICAM1;ONECUT1;HLA-F;TYRO3;E2F5;FEN1;NTRK3;KLHDC3;SLC6A8;EPCAM;CEBPG;H2AX;CDKN2B;TFRC;CXCL2;BAK1"
"HALLMARK_IL2_STAT5_SIGNALING",0.993833504624872,1,0.00855469372683394,0.191854464204216,0.663369071399152,199,"CCNE1;IL1R2;COCH;CXCL10;S100A1;NDRG1;IL2RA;CSF2;BMP2;ODC1;GLIPR2;RRAGD;TNFRSF21;IRF4;PLAGL1;NCS1;PIM1;ETV4;PLIN2;ICOS;ITGA6;CTLA4;CDC6;LIF;TNFRSF9;NFIL3;SOCS1;PRNP;PTCH1;UCK2;GBP4;MYC;NOP2;PLSCR1;ST3GAL4;GPR83;PDCD2L;PNP;LRRC8C;CD83;BATF3;IL13;TNFRSF8;IL18R1;CD79B;LTB"
"HALLMARK_NOTCH_SIGNALING",0.922178988326848,1,0.0291395520262835,0.23965048900554,0.657406235212685,32,"ST3GAL6;PRKCA;MAML2;NOTCH1;FZD7;DTX4;SAP30;FZD5;PPARD;TCF7L2;NOTCH3"
"HALLMARK_HEDGEHOG_SIGNALING",0.947503201024328,1,0.0270967423183296,0.226804692093864,0.637200784672216,36,"L1CAM;CDK6;VLDLR;PLG;HEY2;PTCH1;CNTFR;ACHE;VEGFA;TLE1;ADGRG1;PML;CDK5R1;NRP2"
"HALLMARK_P53_PATHWAY",1,1,0.0078803141868031,0.172444998712975,0.596070525837697,200,"KLK8;SERPINB5;CDKN2A;KRT17;LDHB;IL1A;NDRG1;TGFA;BMP2;SFN;TAP1;TM4SF1;NOTCH1;UPP1;SPHK1;PERP;LIF;HSPA4L;IRAK1;SOCS1;STEAP3;S100A10;ST14;RHBDF2;CLCA2;S100A4;DDIT4;TNFSF9;ITGB4;SLC7A11;EPHA2;PTPN14;ADA;CD82;RAP2B"
"HALLMARK_HEME_METABOLISM",1,1,0.00829069833204511,0.169020132838018,0.582750382244807,195,"SLC30A10;TRIM10;TMCC2;HBQ1;FTCD;H4C3;CA1;ACSL6;ADD2;E2F2;XK;PDZK1IP1;SMOX;RBM38;SLC25A37;SLC2A1;AGPAT4;MOCOS;MFHAS1;SLC7A11;HTATIP2;OPTN;KLF1;SLC6A8;HDGF;SPTB;GMPS;NARF;TFRC"
"HALLMARK_TGF_BETA_SIGNALING",0.998810939357907,1,0.019974159565129,0.159435503321444,0.479848168139902,54,"LEFTY2;BMP2"
"HALLMARK_DNA_REPAIR",1,1,0.011622042518008,0.138530286532414,0.468658410755662,150,"RFC4;TYMS;RAD51;POLR2F;ALYREF;CMPK2;FEN1;PDE4B;POLD1;PNP;ADA;RFC3;POLR1C;ZWINT;SSRP1;RFC2;UPF3B;PCNA;SF3A3;SUPT5H;HPRT1;VPS37B;GTF3C5;POLA2;SDCBP;CLP1;POLD3;POLH;CSTF3;POLR2D;GSDME;NELFE;TAF13;NME1;ADRM1;DGUOK;SEC61A1;NUDT21;SAC3D1;POLR3C;REV3L;POLR2I;RFC5;UMPS;POLR2K;POLR1H;NPR2;APRT;POLR2H;ELOA;POLR2J;POLA1;GUK1;RNMT;NELFCD;PRIM1;AGO4;TAF1C;HCLS1;NT5C3A;BOLA2;ZNF707;RBX1;POM121;LIG1;POLR2C;CDA;TP53;NCBP2"
"HALLMARK_PI3K_AKT_MTOR_SIGNALING",1,1,0.0148592627836833,0.14357547959504,0.468347619613874,104,"EGFR;SFN;PDK1;E2F1;CDK1;SLC2A1;FASLG;DAPP1;FGF17;IL2RG;NGF;ADCY2;PITX2;NCK1;CALR;LCK;CXCR4;MAP2K3;NFKBIB;PFN1;ACTR3;RPS6KA3;HSP90B1;CDK2;CSNK2B;CDK4;MAP2K6;AP2M1;GNGT1;PRKCB;DDIT3;SLA;ACTR2;PPP2R1B;MYD88;PLCG1;TRAF2;ARF1;MAP3K7;HRAS;CAMK4;RPS6KA1;CFL1"
"HALLMARK_REACTIVE_OXYGEN_SPECIES_PATHWAY",1,1,0.0213630317196063,0.154605541131468,0.456011664802009,48,"PFKP;MPO;PRNP;PRDX4;CDKN2D;IPCEF1;MBP;TXNRD1;TXN;GCLM;PRDX1;FES;PRDX6;SCAF4;ABCC1"
"HALLMARK_PROTEIN_SECRETION",1,1,0.130105630751129,-0.161117857145742,-0.665210900848468,96,"KRT18;GLA;TOM1L1;ICA1;SCAMP1;COG2;GALC;NAPA;AP2B1;PPT1;SNAP23;ARFIP1;ATP7A;MON2;CLTC;CLCN3;AP3B1;CD63;ARFGEF2;RAB14;CLN5;VAMP4;SNX2;TSG101;TMED10;GBF1;YIPF6;ARFGEF1"
"HALLMARK_OXIDATIVE_PHOSPHORYLATION",1,1,0.266350657088526,-0.146778020811442,-0.672549384311613,199,"ACADSB;MRPS30;COX6C;CYB5A;PDK4;ALDH6A1;RETSAT;GLUD1;UQCRQ;SURF1;CPT1A;ETFDH;ATP6AP1;ECI1;NDUFA2;NDUFC2;ATP5MC2;RHOT2;ATP6V1G1;PDHB;PRDX3;SLC25A20;NDUFS4;MAOB;CASP7;ISCU;ACAA1;GPX4;SLC25A4;RHOT1;COX7C;NDUFV2;COX15;COX11;BDH2;NDUFA5;ATP6V1D;GOT2;SUCLA2;ACAT1;ATP6V0C;ACADVL;SLC25A12;NDUFA7;ATP6V0E1;ECHS1;NDUFB1;NDUFS7;COX17;NDUFC1;OXA1L;NDUFA3;HADHB;HSPA9;ATP6V1E1;ATP6V1H;ATP5ME;COX6A1;ATP1B1;DLST;ACADM;MRPL35;ISCA1;UQCRC2;ATP6V1C1;TIMM9;ATP5F1D;ABCB7;NDUFB4;MFN2;UQCR11;NDUFS8;MTRR;NDUFS1;CS;TIMM13;NDUFB8;MTX2;ETFA;IDH3A;MTRF1;ECH1;COX8A;SDHC;ATP5PD;AIFM1;ATP5F1E;IDH1;VDAC1;ATP5F1A;MRPS11;GRPEL1;HADHA;NDUFA8;BCKDHA;ACO2;ATP5MG;IDH3B;NDUFAB1;OGDH;COX7A2L;TCIRG1;SLC25A3;ATP5F1B;PMPCA;SLC25A11;NDUFS2;NNT;ETFB;UQCR10;TOMM70;ATP6V0B;VDAC2;UQCRC1;ATP5PB;NDUFB6;COX7A2;NDUFA1;NDUFB7;PDP1;NDUFB5;CYB5R3;NDUFB3;NDUFS3;MRPL34;OAT;SDHA;SLC25A6;SDHB;PDHX;HTRA2;IMMT;NDUFB2;ATP5MC1;SUCLG1;ATP5PF;OPA1;DLD;NQO2;ATP5PO;IDH3G;NDUFA6;SDHD;ALAS1;TIMM10;DECR1;TIMM17A;NDUFS6;NDUFV1;BAX;COX10;ATP6V1F;COX5B;MGST3;MRPS22;MPC1;UQCRFS1;FDX1;MDH2;HSD17B10;COX7B;UQCRB;LRPPRC;COX6B1;LDHA;VDAC3;TIMM8B;HCCS;TOMM22;FH;ACAA2;DLAT;FXN;COX4I1;IDH2;COX5A;ATP5MC3;PHYH;POR;MRPS15;AFG3L2;SLC25A5;MDH1;PHB2;SUPV3L1;ATP5MF;CYC1;MRPL11;CYCS;TIMM50;NDUFA9;MRPS12;ATP5F1C;GPI"
"HALLMARK_CHOLESTEROL_HOMEOSTASIS",0.992307692307692,1,0.118815039412263,-0.179810460940863,-0.720601643325803,74,"SEMA3B;CPEB2;GSTM2;FASN;TP53INP1;TM7SF2;ALCAM"
"HALLMARK_ANGIOGENESIS",0.782805429864253,1,0.0999276973731092,-0.25066047908215,-0.840142618867306,36,"SERPINA5;VTN;STC1;POSTN;LUM;THBD;COL3A1;FGFR1;COL5A2;SLCO2A1;VCAN"
"HALLMARK_APOPTOSIS",0.792452830188679,1,0.219250346703755,-0.20538184966552,-0.91736648586645,160,"GSTM1;BTG2;PLAT;RHOB;EGR3;RARA;KRT18;CCND1;GUCY2D;TIMP3;ERBB2;ERBB3;PDCD4;DCN;LEF1;LUM;IER3;BIK;F2R;HSPB1;RNASEL;RETSAT;HGF;PDGFRB;BNIP3L;TXNIP;TGFBR3;PPT1;GSR;MADD;H1-0;FDXR;BCL2L1;MMP2;ADD1;IGFBP6"
"HALLMARK_APICAL_SURFACE",0.281081081081081,0.562162162162162,0.195789002148949,-0.318333228520131,-1.11559057846375,44,"GATA3;GSTM3;SCUBE1;NTNG1;RTN4RL1;ATP8B1;SLC22A12;AFAP1L2;MDGA1;HSPB1;SULF2;SHROOM2;TMEM8B;ADIPOR2"
"HALLMARK_EPITHELIAL_MESENCHYMAL_TRANSITION",0.109253661720248,0.273134154300619,0.287805130535564,-0.249241479398004,-1.14830501923285,200,"AREG;SGCG;RHOB;TFPI2;ECM1;MATN3;GJA1;PTHLH;IGFBP4;TIMP3;FMOD;LAMA2;LRRC15;ECM2;DCN;SLIT3;SFRP4;POSTN;ITGB5;SGCD;HTRA1;LOXL1;OXTR;CXCL12;EDIL3;FUCA1;LUM;COL8A2;COMP;NTM;FSTL3;BDNF;FBN1;CAP2;COL1A2;FAP;COL1A1;COL6A3;LAMA3;SPOCK1;WNT5A;COL3A1;ADAM12;COL12A1;COL5A2;IGFBP2;COL11A1;THBS2;CDH11;PDGFRB;SPARC;SLIT2;TGFBR3;SCG2;ITGA2;SERPINE1;COL5A1;MXRA5;VCAN;MFAP5;LRP1;MAGEE1;CDH6;MMP2;PCOLCE;NID2;GEM;SDC4;ANPEP;PRSS2;FBLN1;PMP22"
"HALLMARK_COAGULATION",0.0257324450415779,0.0857748168052597,0.352487857583619,-0.292777591583974,-1.26537637880802,138,"HMGCS2;TMPRSS6;ACOX2;PLAT;CFD;TFPI2;PRSS23;F2RL2;SERPINA1;RAPGEF3;FGG;HPN;CFB;MMP10;TIMP3;APOA1;MST1;ANG;CRIP2;HTRA1;APOC3;COMP;FBN1;F10;THBD;SERPINC1;FGA;CTSO;VWF;MMP11;PROZ;SPARC;CTSK;ITGA2;SERPINE1;LRP1;GP9;MASP2;MMP2"
"HALLMARK_PANCREAS_BETA_CELLS",0.12621359223301,0.300508552935737,0.282013350011725,-0.378401313226897,-1.30002809676628,39,"CHGA;ABCC8;G6PC2;SYT13;INSM1;SCGN;HNF1A;PCSK2"
"HALLMARK_UV_RESPONSE_DN",0.0182870617744562,0.065310934908772,0.352487857583619,-0.302180849336334,-1.30099641528296,143,"INPP4B;AMPH;GJA1;IGF1R;IGFBP5;KCNMA1;APBB2;IRS1;BHLHE40;MAGI2;DUSP1;ERBB2;TOGARAM1;MGLL;BDNF;CAP2;CDON;COL1A2;COL1A1;ICA1;COL3A1;CITED2;COL5A2;COL11A1;PDGFRB;TGFBR3;PRKAR2B;DBP;SPOP;RUNX1;AGGF1;RBPMS;SERPINE1;SMAD3;FHL2;DLC1;LPAR1;RXRA;TGFBR2;PMP22;DMAC2L;PPARG;CDKN1B;CCN1;RGS4;MGMT;PTEN;ATXN1;F3;ZMIZ1;PIAS3;FZD2"
"HALLMARK_ADIPOGENESIS",0.00825793707679472,0.0344080711533113,0.380730400722792,-0.300952566743842,-1.37899027627979,199,"CYP4B1;REEP6;PTGER3;CMBL;OMD;CRAT;LEP;CAVIN2;QDPR;HSPB8;CIDEA;SULT1A1;ADIPOQ;LIPE;CCNG2;TOB1;CD36;FAH;SPARCL1;REEP5;PDCD4;LTC4S;EPHX2;FZD4;MTARC2;FABP4;ADCY6;MGLL;STOM;RETSAT;ITIH5;ACADS;SLC27A1;UQCRQ;GPAM;ADIPOR2;PFKFB3;GPHN;BAZ2A;ELMOD3;UCP2;DHRS7;RMDN3;CD302;ALDOA;SLC66A3;COQ5;PRDX3;PPARG;SNCG;SQOR;SCP2;GPD2;GPX4"
"HALLMARK_BILE_ACID_METABOLISM",0.0062599128733453,0.0284541494242968,0.407017918923954,-0.342971864542004,-1.44068510171263,111,"SERPINA6;AR;SLC27A2;GNMT;AGXT;DIO1;CROT;NUDT12;SULT2B1;ABCA8;PEX11A;ABCA9;LIPE;TTR;PEX11G;ABCA3;APOA1;SLC23A1;EPHX2;ISOC1;HSD17B4;EFHC1;PEX12;ABCA6;HSD3B1;ABCD3;ABCA2;AMACR;BCAR3;RETSAT;PEX7;DHCR24;NEDD4;HSD3B7;AKR1D1;LONP2;CYP46A1;FDXR;RXRA"
"HALLMARK_ANDROGEN_RESPONSE",0.000581206877344401,0.00322892709635778,0.477270815362862,-0.391946896207022,-1.61267342608364,101,"BMPR1B;SPDEF;KLK3;INPP4B;ELOVL5;IQGAP2;NKX3-1;GPD1L;ABHD2;CCND1;SORD;STEAP4;KLK2;SELENOP;AKAP12;KRT8;AZGP1;TARP;STK39;KRT19"
"HALLMARK_FATTY_ACID_METABOLISM",0.000152267525830597,0.000951672036441231,0.518848077743792,-0.363001165320606,-1.64133191023553,158,"HMGCS2;BMPR1B;REEP6;CYP4A11;CA4;ELOVL5;CYP4A22;CRAT;UGDH;SLC22A5;MAOA;AQP7;GPD1;FASN;CIDEA;GLUL;CD36;ADH1C;INMT;HAO2;AOC3;ECI2;LTC4S;RDH16;BLVRA;HSD17B4;XIST;CYP1A1;MGLL;ACOT2;ALAD;GSTZ1;RETSAT;D2HGDH;HSDL2;ALDH3A2;SERINC1;DHCR24;ACADS;HMGCL;HPGD;SUCLG2;ADIPOR2;CPT1A;ETFDH;CA2;ECI1;PTPRG;HSD17B7;ALDOA;PSME1;PDHB;ACSS1"
"HALLMARK_XENOBIOTIC_METABOLISM",4.99126169438811e-05,0.000415938474532342,0.557332238758646,-0.359964553682739,-1.6493882232159,199,"SERPINA6;TAT;ESR1;ACOX2;FBP1;ACSM1;GNMT;MCCC2;ELOVL5;CYP4F2;ENTPD5;CROT;GSTA3;UGDH;MAOA;CYP26A1;GAD1;VTN;MPP2;CES1;CYB5A;CSAD;IGFBP4;PDK4;CFB;CD36;GSTT2;ADH1C;FAH;CYP17A1;MAN1A1;CYP1A1;PTGES;TKFC;TMBIM6;LEAP2;SAR1B;NINJ1;IGFBP1;F10;IGF1;ABCC3;SLC46A3;RETSAT;BLVRB;CYFIP2"
"HALLMARK_MYOGENESIS",2.60092214957017e-05,0.000260092214957017,0.575610261071129,-0.365943618971419,-1.67678480927443,199,"PVALB;STC2;CACNA1H;KCNH1;SPDEF;CACNG1;REEP1;MYL1;CASQ1;PPP1R3C;MYOG;CAMK2B;SGCG;CFD;CRAT;HRC;MYF6;HSPB8;TNNT1;BHLHE40;MYL7;VIPR1;CASQ2;CD36;ADCY9;LAMA2;ERBB3;COX7A1;AGL;MYH1;OCEL1;MYH2;ITGB5;SGCD;TCAP;LARGE1;MYH11;COL1A1;COL6A3;GNAO1;FST;IGF1;COL3A1;AEBP1;LDB3;ADAM12;BDKRB2;FHL1;CHRNA1;APOD;BAG1;SPARC;MYL3;NQO1;MYOM2;RB1;TNNT3;FKBP1B;MB;ATP6AP1;ANKRD2;MEF2D;SCD"
"HALLMARK_PEROXISOME",6.73953904980912e-05,0.000481395646414937,0.538434096309916,-0.432982756147003,-1.77589475400989,103,"SERPINA6;ABCC8;UGT2B17;SLC27A2;ALB;DIO1;ELOVL5;CRAT;SEMA3C;SULT2B1;PEX11A;TTR;HAO2;ECI2;EPHX2;ISOC1;HSD17B4;ABCD3;ABCB1;DLG4;RETSAT;ABCB4;DHCR24;STS;MVP;ABCC5;HMGCL"
"HALLMARK_ESTROGEN_RESPONSE_LATE",1.77163629314645e-17,4.42909073286612e-16,1.07686819261983,-0.546451457696509,-2.51761044411868,200,"TFF1;PGR;TFF3;HMGCS2;SCUBE2;ASCL1;PDZK1;AGR2;DHRS2;CA12;MAPT;DNAJC12;SLC27A2;ACOX2;RET;NPY1R;XBP1;CACNA2D2;PTGER3;ANXA9;CXCL14;SERPINA5;CHST8;IL6ST;AREG;TPSAB1;SEMA3B;SCNN1A;ELOVL5;TFPI2;CYP4F11;BCL2;EGR3;MYB;PRLR;GPER1;COX6C;PRSS23;RABEP1;UGDH;SLC22A5;SERPINA1;TSPAN13;CISH;HSPB8;NHERF1;WFS1;SULT2B1;IGFBP4;SOX3;ABHD2;CCND1;PLAC1;CCN5;CALCR;FOS;SIAH2;SORD;TOB1;NRIP1;TJP3;RAB31;ABCA3;CPE;TPBG;PDCD4;DNAJC1;PLAAT3;GLA;CELSR2;SLC1A4;ST6GALNAC2;AMFR;EEIG1;CXCL12;FGFR3;BATF;PTGES;IGSF1;ARL3;LARGE1;KRT19;OLFM1;DLG5;ITPK1;AFF1"
"HALLMARK_ESTROGEN_RESPONSE_EARLY",6.26777137171078e-30,3.13388568585539e-28,1.42456271623384,-0.654580436806106,-3.01578213582895,200,"TFF1;PGR;TFF3;PDZK1;DHRS2;MLPH;CA12;GFRA1;MAPT;SLC7A2;STC2;KCNK15;AR;THSD4;GREB1;ABAT;SLC27A2;RET;SLC39A6;NPY1R;ADCY1;SLC1A1;XBP1;MSMB;ELOVL2;ANXA9;REEP1;SEC14L2;IL6ST;AREG;SYBU;SEMA3B;CELSR1;TTC39A;SCNN1A;ELOVL5;UGCG;BCL2;KDM4B;EGR3;MYB;RETREG1;RAB17;PRSS23;MUC1;GJA1;SLC22A5;LRIG1;IGF1R;MAST4;RARA;CISH;KRT18;HSPB8;NHERF1;CBFA2T3;WFS1;SULT2B1;FASN;IGFBP4;BHLHE40;SOX3;ABHD2;CCND1;CCN5;CALCR;FOS;PEX11A;SIAH2;MINDY1;SLC19A2;TOB1;ADCY9;NRIP1;MREG;TJP3;RAB31;ABCA3;TPBG;PLAAT3;GLA;CELSR2;SLC1A4;KRT8;AMFR;TBC1D30;MED13L;EEIG1;CXCL12;PTGES;ARL3;KRT19;OLFM1;ITPK1;AFF1;MYOF;TIPARP;DEPTOR;BLVRB;RAPGEFL1;P2RY2;OLFML3;CANT1;FLNB;ASB13;BAG1;NBL1"
